<?xml version="1.0" encoding="UTF-8"?>
<project-private xmlns="http://www.netbeans.org/ns/project-private/1">
    <editor-bookmarks xmlns="http://www.netbeans.org/ns/editor-bookmarks/2" lastBookmarkId="1">
        <file>
            <url>src/CalcDeriv.java</url>
            <bookmark id="1">
                <name/>
                <line>153</line>
                <key/>
            </bookmark>
        </file>
    </editor-bookmarks>
    <open-files xmlns="http://www.netbeans.org/ns/projectui-open-files/2">
        <group>
            <file>file:/C:/Users/theca/OneDrive/Escritorio/ProyectoFinal/src/MenuPrincipal.java</file>
            <file>file:/C:/Users/theca/OneDrive/Escritorio/ProyectoFinal/src/Fisica.java</file>
            <file>file:/C:/Users/theca/OneDrive/Escritorio/ProyectoFinal/src/ProyectoFinal.java</file>
            <file>file:/C:/Users/theca/OneDrive/Escritorio/ProyectoFinal/src/Humanidades.java</file>
        </group>
    </open-files>
</project-private>
